{
    "accuracy": 0.9539028887523049,
    "precision": 0.8862559241706162,
    "recall": 0.7857142857142857,
    "auc": 0.9400300076834189
}
